month,level_1,level_2,level_3,value
2016-08,All Items,Housing & Utilities,Accommodation,108.449
2016-09,All Items,Housing & Utilities,Accommodation,108.09
2016-10,All Items,Housing & Utilities,Accommodation,106.05
2016-11,All Items,Housing & Utilities,Accommodation,107.374
2016-12,All Items,Housing & Utilities,Accommodation,106.977
2017-01,All Items,Housing & Utilities,Accommodation,106.614
2017-02,All Items,Housing & Utilities,Accommodation,106.282
2017-03,All Items,Housing & Utilities,Accommodation,105.876
2017-04,All Items,Housing & Utilities,Accommodation,102.566
2017-05,All Items,Housing & Utilities,Accommodation,105.085
2017-06,All Items,Housing & Utilities,Accommodation,104.969
2017-07,All Items,Housing & Utilities,Accommodation,102.581
2017-08,All Items,Housing & Utilities,Accommodation,104.18
2017-09,All Items,Housing & Utilities,Accommodation,103.853
2017-10,All Items,Housing & Utilities,Accommodation,101.558
2017-11,All Items,Housing & Utilities,Accommodation,103.238
2017-12,All Items,Housing & Utilities,Accommodation,102.936
2018-01,All Items,Housing & Utilities,Accommodation,100.997
2018-02,All Items,Housing & Utilities,Accommodation,102.496
2018-03,All Items,Housing & Utilities,Accommodation,102.238
2018-04,All Items,Housing & Utilities,Accommodation,98.889
2018-05,All Items,Housing & Utilities,Accommodation,101.742
2018-06,All Items,Housing & Utilities,Accommodation,101.79
2018-07,All Items,Housing & Utilities,Accommodation,99.498
2018-08,All Items,Housing & Utilities,Accommodation,101.429
2018-09,All Items,Housing & Utilities,Accommodation,101.28
2018-10,All Items,Housing & Utilities,Accommodation,99.045
2018-11,All Items,Housing & Utilities,Accommodation,101.056
2018-12,All Items,Housing & Utilities,Accommodation,100.949
2019-01,All Items,Housing & Utilities,Accommodation,99.055
2019-02,All Items,Housing & Utilities,Accommodation,100.585
2019-03,All Items,Housing & Utilities,Accommodation,100.58
2019-04,All Items,Housing & Utilities,Accommodation,97.802
2019-05,All Items,Housing & Utilities,Accommodation,100.574
2019-06,All Items,Housing & Utilities,Accommodation,100.595
2019-07,All Items,Housing & Utilities,Accommodation,98.853
2019-08,All Items,Housing & Utilities,Accommodation,100.672
2019-09,All Items,Housing & Utilities,Accommodation,100.711
2019-10,All Items,Housing & Utilities,Accommodation,98.957
2019-11,All Items,Housing & Utilities,Accommodation,100.775
2019-12,All Items,Housing & Utilities,Accommodation,100.842
2020-01,All Items,Housing & Utilities,Accommodation,99.346
2020-02,All Items,Housing & Utilities,Accommodation,100.974
2020-03,All Items,Housing & Utilities,Accommodation,101.042
2020-04,All Items,Housing & Utilities,Accommodation,98.315
2020-05,All Items,Housing & Utilities,Accommodation,101.099
2020-06,All Items,Housing & Utilities,Accommodation,101.097
2020-07,All Items,Housing & Utilities,Accommodation,99.286
2020-08,All Items,Housing & Utilities,Accommodation,101.076
2020-09,All Items,Housing & Utilities,Accommodation,101.104
2020-10,All Items,Housing & Utilities,Accommodation,99.207
2020-11,All Items,Housing & Utilities,Accommodation,101.037
2020-12,All Items,Housing & Utilities,Accommodation,101.1
2021-01,All Items,Housing & Utilities,Accommodation,101.1
2021-02,All Items,Housing & Utilities,Accommodation,101.5
2021-03,All Items,Housing & Utilities,Accommodation,101.6
2021-04,All Items,Housing & Utilities,Accommodation,99
2021-05,All Items,Housing & Utilities,Accommodation,102
