financial_year,town,supply
2019,Ang Mo Kio,50726
2019,Bedok,62816
2019,Bishan,20072
2019,Bukit Batok,44285
2019,Bukit Merah,54227
2019,Bukit Panjang,35325
2019,Choa Chu Kang,48900
2019,Clementi,26730
2019,Geylang,30829
2019,Hougang,57272
2019,Jurong East,24122
2019,Jurong West,75208
2019,Kallang/ Whampoa,39931
2019,Pasir Ris,29654
2019,Punggol,50663
2019,Queenstown,33164
2019,Sembawang,30020
2019,Sengkang,69196
2019,Serangoon,21632
2019,Tampines,72683
2019,Toa Payoh,39737
2019,Woodlands,69900
2019,Yishun,65158
2019,Others,22417
